,mean,error
VAPC_T2,968.0,79.54733042521148
VAPC_T24,2350.9166666666665,175.3941592844845
CTRL_T2,709.25,83.61153562092309
CTRL_T24,821.5833333333334,26.60409325231322
