GO_ID,Term,Category,p-value,FDR,Genes,Fold Enrichment,Depth,Ratio in Study,Ratio in Population,Parents
GO:0009271,phage shock,BP,5.575500171217212e-08,9.751549799458904e-05,"P32696,P0AFM9,P0AFM6,P0AFV8",e,7,"(4, 62)","(4, 3938)","{'GO:0006950', 'GO:0098586'}"
GO:1902421,hydrogen metabolic process,BP,3.718575114193175e-06,0.0021699425305919053,"P0AAM1,P0ACD8,P69739",e,2,"(3, 62)","(3, 3938)",{'GO:0008152'}
GO:0044011,single-species biofilm formation on inanimate substrate,BP,3.722028354360043e-06,0.0021699425305919053,"P31130,P64614,P0AB49,P64519",e,7,"(4, 62)","(8, 3938)",{'GO:0090609'}
GO:0070301,cellular response to hydrogen peroxide,BP,1.0904577804235116e-05,0.0047680266449018046,"P31130,P64614,P0AB49,P64519",e,7,"(4, 62)","(10, 3938)","{'GO:0034614', 'GO:0042542'}"
GO:0080135,regulation of cellular response to stress,BP,1.4707035451636183e-05,0.005144521000982337,"P0AFM9,P0AFM6,P0AFN2",e,5,"(3, 62)","(4, 3938)","{'GO:0050794', 'GO:0080134'}"
