GO_ID,Term,Category,p-value,FDR,Genes,Fold Enrichment,Depth,Ratio in Study,Ratio in Population,Parents
GO:0040008,regulation of growth,BP,4.898613035017586e-06,0.0038317208637363635,"Q47157,P64594,P0C077,P67697,P76106,Q47156,P0C079,P23874",e,3,"(8, 192)","(22, 3938)",{'GO:0050789'}
GO:0009271,phage shock,BP,5.48414650368419e-06,0.0038317208637363635,"P32696,P0AFM9,P0AFV8,P0AFM6",e,7,"(4, 192)","(4, 3938)","{'GO:0006950', 'GO:0098586'}"
GO:0007155,cell adhesion,BP,6.572420006408857e-06,0.0038317208637363635,"P77789,P77294,P37016,P37018,P33129,P31058,P77588,P77288,P37017,P33340,P52143",e,2,"(11, 192)","(45, 3938)",{'GO:0009987'}
GO:0043709,cell adhesion involved in single-species biofilm formation,BP,1.7922661970005313e-05,0.007836683946384823,"P76236,P77789,P77294,P37016,P37018,P31058,P77588,P77288,P37017,P33340",e,5,"(10, 192)","(41, 3938)",{'GO:0043708'}
