,VAPC2,REG24,VAPC24,VAPC44
mean,0.360183908,1.117121228,0.094454739,0.819338365
error,0.113123735,0.114271553,0.027097084,0.109830466
