,p-val,p_adj
GO:0022904,0.2653,0.482363636
GO:0042938,1,1
GO:0009060,0.0571,0.126888889
GO:0035351,1,1
GO:0071973,0,0
GO:0044780,0.0195,0.04875
GO:0030254,0.0184,0.04875
GO:0006935,0,0
GO:0015031,0.0761,0.1522
GO:0002181,0,0
GO:0006164,1,1
GO:0015986,1,1
GO:0008360,1,1
GO:0000027,0.002,0.008
GO:0006754,1,1
GO:0006189,1,1
GO:0042777,1,1
GO:0044781,0.0001,0.0005
GO:0009252,1,1
GO:0006412,0.0094,0.031333333
